Threads,Total time
8,3.54518
8,3.2421
8,2.77802
8,3.86142
8,2.50975